Naturopathic/Holistic,Naturopathic,Holistic
Health & Medical,Health,Medical
Home & Garden,Home,Garden
Coffee & Tea,Coffee,Tea
Ice Cream & Frozen Yogurt,Ice_cream,Frozen_yogurt
Breakfast & Brunch,Breakfast,Brunch
Auto Parts & Supplies,Auto_part,Supply
Vitamins & Supplements,Vitamin,Supplement
Hotels & Travel,Hotel,Travel
Music & Video,Music,Video
Arts & Entertainment,Art,Entertainment
Event Planning & Services,Event_planning,Service
IT Services & Computer Repair,It_service,Computer_repair
Beauty & Spas,Beauty,Spa
Jazz & Blues,Jazz,Blue
Fitness & Instruction,Fitnes,Instruction
Juice Bars & Smoothies,Juice_bar,Smoothy
Eyewear & Opticians,Eyewear,Optician
Appliances & Repair,Appliance,Repair
Chocolatiers & Shops,Chocolatier,Shop
Baby Gear & Furniture,Baby_gear,Furniture
Banks & Credit Unions,Bank,Credit_union
Wine & Spirits,Wine,Spirit
Keys & Locksmiths,Key,Locksmith
Venues & Event Spaces,Venue,Event_space
Fruits & Veggies,Fruit,Veggies
Masonry/Concrete,Masonry,Concrete
Party & Event Planning,Party,Event_planning
Cajun/Creole,Cajun,Creole
Couriers & Delivery Services,Courier,Delivery_service
Public Services & Government,Public_service,Government
Flowers & Gifts,Flower,Gift
Embroidery & Crochet,Embroidery,Crochet
Arts & Crafts,Art,Craft
Child Care & Day Care,Child_care,Day_care
Glass & Mirrors,Glas,Mirror
Door Sales/Installation,Door_sale,Installation
Hot Tub & Pool,Hot_tub,Pool
Pool & Hot Tub Service,Pool,Hot_tub_service
Check Cashing/Pay-day Loans,Check_cashing,Pay-day_loan
Patisserie/Cake Shop,Patisserie,Cake_shop
Live/Raw Food,Live,Raw_food
Decks & Railing,Deck,Railing
Bed & Breakfast,Bed,Breakfast
Stadiums & Arenas,Stadium,Arena
Music & DVDs,Music,Dvd
Windshield Installation & Repair,Windshield_installation,Repair
Obstetricians & Gynecologists,Obstetrician,Gynecologist
ATV Rentals/Tours,Atv_rental,Tour
Tapas/Small Plates,Tapa,Small_plate
Hunting & Fishing Supplies,Hunting,Fishing_supply
Bike Repair/Maintenance,Bike_repair,Maintenance
Photography Stores & Services,Photography_store,Service
Blow Dry/Out Services,Blow_dry,Out_service
Sewing & Alterations,Sewing,Alteration
Dry Cleaning & Laundry,Dry_cleaning,Laundry
Musical Instruments & Teachers,Musical_instrument,Teacher
Community Service/Non-Profit,Community_service,Non-profit
Counseling & Mental Health,Counseling,Mental_health
Kitchen & Bath,Kitchen,Bath
Laser Eye Surgery/Lasik,Laser_eye_surgery,Lasik
Nurseries & Gardening,Nurseries,Gardening
Cosmetics & Beauty Supply,Cosmetic,Beauty_supply
Heating & Air Conditioning/HVAC,Heating_&_air_conditioning,Hvac
Junk Removal & Hauling,Junk_removal,Hauling
Pool & Billiards,Pool,Billiard
Paint & Sip,Paint,Sip
Guns & Ammo,Gun,Ammo
Fences & Gates,Fence,Gate
Wheel & Rim Repair,Wheel,Rim_repair
Swimming Lessons/Schools,Swimming_lesson,School
Rafting/Kayaking,Rafting,Kayaking
Fish & Chips,Fish,Chip
Vintage & Consignment,Vintage,Consignment
Videos & Video Game Rental,Video,Video_game_rental
Herbs & Spices,Herb,Spice
Water Heater Installation/Repair,Water_heater_installation,Repair
Landmarks & Historical Buildings,Landmark,Historical_building
Lighting Fixtures & Equipment,Lighting_fixture,Equipment
Passport & Visa Services,Passport,Visa_service
Shades & Blinds,Shade,Blind
Vocational & Technical School,Vocational,Technical_school
Divorce & Family Law,Divorce,Family_law
Generator Installation/Repair,Generator_installation,Repair
Ear Nose & Throat,Ear_nose,Throat
Drywall Installation & Repair,Drywall_installation,Repair
Gun/Rifle Ranges,Gun,Rifle_range
Recording & Rehearsal Studios,Recording,Rehearsal_studio
Screen Printing/T-Shirt Printing,Screen_printing,T-shirt_printing
Persian/Iranian,Persian,Iranian
Blood & Plasma Donation Centers,Blood,Plasma_donation_center
Funeral Services & Cemeteries,Funeral_service,Cemetery
Jails & Prisons,Jail,Prison
Mobility Equipment Sales & Services,Mobility_equipment_sale,Service
Home & Rental Insurance,Home,Rental_insurance
Cards & Stationery,Card,Stationery
Middle Schools & High Schools,Middle_school,High_school
Motorcycle Parts & Supplies,Motorcycle_part,Supply
Fitness/Exercise Equipment,Fitnes,Exercise_equipment
Livestock Feed & Supply,Livestock_feed,Supply
Machine & Tool Rental,Machine,Tool_rental
Newspapers & Magazines,Newspaper,Magazine
Colleges & Universities,College,University
Ski & Snowboard Shops,Ski,Snowboard_shop
Trusts & Probates,Trust,Probate
Prenatal/Perinatal Care,Prenatal,Perinatal_care
Video/Film Production,Video,Film_production
Himalayan/Nepalese,Himalayan,Nepalese
Hypnosis/Hypnotherapy,Hypnosi,Hypnotherapy
Gemstones & Minerals,Gemstone,Mineral
Coffee & Tea Supplies,Coffee,Tea_supply
Races & Competitions,Race,Competition
Audio/Visual Equipment Rental,Audio,Visual_equipment_rental
Undersea/Hyperbaric Medicine,Undersea,Hyperbaric_medicine
Opera & Ballet,Opus,Ballet
Boat Parts & Supplies,Boat_part,Supply
IP & Internet Law,Ip,Internet_law
Sheds & Outdoor Storage,Shed,Outdoor_storage
Sauna Installation & Repair,Sauna_installation,Repair
